{
    "$schema": "https://schema.management.azure.com/schemas/2015-01-01/deploymentParameters.json#",
    "contentVersion": "1.0.0.0",
    "parameters": {
        "serverfarms_WestEuropePlan_name": {
            "value": null
        },
        "storageAccounts_eventsourcingstrategy_name": {
            "value": null
        },
        "sites_fa_implementing_event_sourcing_strategy_name": {
            "value": null
        },
        "namespaces_implementing_event_sourcing_strategy_name": {
            "value": null
        },
        "actionGroups_Application_Insights_Smart_Detection_name": {
            "value": null
        },
        "components_ai_implementing_event_sourcing_strategy_name": {
            "value": null
        },
        "databaseAccounts_implementing_event_sourcing_strategy_name": {
            "value": null
        },
        "sites_fa_implementing_event_sourcing_strategy_eventhubs_processor_name": {
            "value": null
        },
        "smartdetectoralertrules_failure_anomalies___ai_implementing_event_sourcing_strategy_name": {
            "value": null
        }
    }
}