{
    "$schema": "https://schema.management.azure.com/schemas/2019-04-01/deploymentTemplate.json#",
    "contentVersion": "1.0.0.0",
    "parameters": {
        "serverfarms_WestEuropePlan_name": {
            "defaultValue": "WestEuropePlan",
            "type": "String"
        },
        "storageAccounts_eventsourcingstrategy_name": {
            "defaultValue": "eventsourcingstrategy",
            "type": "String"
        },
        "sites_fa_implementing_event_sourcing_strategy_name": {
            "defaultValue": "fa-implementing-event-sourcing-strategy",
            "type": "String"
        },
        "namespaces_implementing_event_sourcing_strategy_name": {
            "defaultValue": "implementing-event-sourcing-strategy",
            "type": "String"
        },
        "actionGroups_Application_Insights_Smart_Detection_name": {
            "defaultValue": "Application Insights Smart Detection",
            "type": "String"
        },
        "components_ai_implementing_event_sourcing_strategy_name": {
            "defaultValue": "ai-implementing-event-sourcing-strategy",
            "type": "String"
        },
        "databaseAccounts_implementing_event_sourcing_strategy_name": {
            "defaultValue": "implementing-event-sourcing-strategy",
            "type": "String"
        },
        "sites_fa_implementing_event_sourcing_strategy_eventhubs_processor_name": {
            "defaultValue": "fa-implementing-event-sourcing-strategy-eventhubs-processor",
            "type": "String"
        },
        "smartdetectoralertrules_failure_anomalies___ai_implementing_event_sourcing_strategy_name": {
            "defaultValue": "failure anomalies - ai-implementing-event-sourcing-strategy",
            "type": "String"
        }
    },
    "variables": {},
    "resources": [
        {
            "type": "Microsoft.DocumentDB/databaseAccounts",
            "apiVersion": "2021-10-15",
            "name": "[parameters('databaseAccounts_implementing_event_sourcing_strategy_name')]",
            "location": "West Europe",
            "tags": {
                "defaultExperience": "Core (SQL)",
                "hidden-cosmos-mmspecial": "",
                "CosmosAccountType": "Non-Production",
                "CreationDate": "28-03-2021",
                "Project": "Implementing an Event Sourcing strategy on Azure",
                "Purpose": "Session"
            },
            "kind": "GlobalDocumentDB",
            "identity": {
                "type": "None"
            },
            "properties": {
                "publicNetworkAccess": "Enabled",
                "enableAutomaticFailover": false,
                "enableMultipleWriteLocations": false,
                "isVirtualNetworkFilterEnabled": false,
                "virtualNetworkRules": [],
                "disableKeyBasedMetadataWriteAccess": false,
                "enableFreeTier": false,
                "enableAnalyticalStorage": false,
                "analyticalStorageConfiguration": {},
                "databaseAccountOfferType": "Standard",
                "defaultIdentity": "FirstPartyIdentity",
                "networkAclBypass": "None",
                "disableLocalAuth": false,
                "consistencyPolicy": {
                    "defaultConsistencyLevel": "Session",
                    "maxIntervalInSeconds": 5,
                    "maxStalenessPrefix": 100
                },
                "locations": [
                    {
                        "locationName": "West Europe",
                        "provisioningState": "Succeeded",
                        "failoverPriority": 0,
                        "isZoneRedundant": false
                    }
                ],
                "cors": [],
                "capabilities": [
                    {
                        "name": "EnableServerless"
                    }
                ],
                "ipRules": [],
                "backupPolicy": {
                    "type": "Periodic",
                    "periodicModeProperties": {
                        "backupIntervalInMinutes": 240,
                        "backupRetentionIntervalInHours": 8,
                        "backupStorageRedundancy": "Geo"
                    }
                },
                "networkAclBypassResourceIds": []
            }
        },
        {
            "type": "Microsoft.EventHub/namespaces",
            "apiVersion": "2021-11-01",
            "name": "[parameters('namespaces_implementing_event_sourcing_strategy_name')]",
            "location": "West Europe",
            "tags": {
                "CreationDate": "28-03-2021",
                "Project": "Implementing an Event Sourcing strategy on Azure",
                "Purpose": "Session"
            },
            "sku": {
                "name": "Standard",
                "tier": "Standard",
                "capacity": 1
            },
            "properties": {
                "disableLocalAuth": false,
                "zoneRedundant": false,
                "isAutoInflateEnabled": false,
                "maximumThroughputUnits": 0,
                "kafkaEnabled": true
            }
        },
        {
            "type": "microsoft.insights/actionGroups",
            "apiVersion": "2021-09-01",
            "name": "[parameters('actionGroups_Application_Insights_Smart_Detection_name')]",
            "location": "Global",
            "tags": {
                "CreationDate": "28-03-2021",
                "Project": "Implementing an Event Sourcing strategy on Azure",
                "Purpose": "Session"
            },
            "properties": {
                "groupShortName": "SmartDetect",
                "enabled": true,
                "emailReceivers": [],
                "smsReceivers": [],
                "webhookReceivers": [],
                "eventHubReceivers": [],
                "itsmReceivers": [],
                "azureAppPushReceivers": [],
                "automationRunbookReceivers": [],
                "voiceReceivers": [],
                "logicAppReceivers": [],
                "azureFunctionReceivers": [],
                "armRoleReceivers": [
                    {
                        "name": "Monitoring Contributor",
                        "roleId": "749f88d5-cbae-40b8-bcfc-e573ddc772fa",
                        "useCommonAlertSchema": true
                    },
                    {
                        "name": "Monitoring Reader",
                        "roleId": "43d0d8ad-25c7-4714-9337-8ba259a9fe05",
                        "useCommonAlertSchema": true
                    }
                ]
            }
        },
        {
            "type": "microsoft.insights/components",
            "apiVersion": "2020-02-02",
            "name": "[parameters('components_ai_implementing_event_sourcing_strategy_name')]",
            "location": "westeurope",
            "tags": {
                "CreationDate": "28-03-2021",
                "Project": "Implementing an Event Sourcing strategy on Azure",
                "Purpose": "Session"
            },
            "kind": "web",
            "properties": {
                "Application_Type": "web",
                "RetentionInDays": 90,
                "IngestionMode": "ApplicationInsights",
                "publicNetworkAccessForIngestion": "Enabled",
                "publicNetworkAccessForQuery": "Enabled"
            }
        },
        {
            "type": "Microsoft.Storage/storageAccounts",
            "apiVersion": "2021-06-01",
            "name": "[parameters('storageAccounts_eventsourcingstrategy_name')]",
            "location": "westeurope",
            "tags": {
                "CreationDate": "28-03-2021",
                "Project": "Implementing an Event Sourcing strategy on Azure",
                "Purpose": "Session"
            },
            "sku": {
                "name": "Standard_LRS",
                "tier": "Standard"
            },
            "kind": "StorageV2",
            "properties": {
                "minimumTlsVersion": "TLS1_2",
                "allowBlobPublicAccess": true,
                "allowSharedKeyAccess": true,
                "networkAcls": {
                    "bypass": "AzureServices",
                    "virtualNetworkRules": [],
                    "ipRules": [],
                    "defaultAction": "Allow"
                },
                "supportsHttpsTrafficOnly": true,
                "encryption": {
                    "services": {
                        "file": {
                            "keyType": "Account",
                            "enabled": true
                        },
                        "blob": {
                            "keyType": "Account",
                            "enabled": true
                        }
                    },
                    "keySource": "Microsoft.Storage"
                },
                "accessTier": "Hot"
            }
        },
        {
            "type": "Microsoft.Web/serverfarms",
            "apiVersion": "2021-02-01",
            "name": "[parameters('serverfarms_WestEuropePlan_name')]",
            "location": "West Europe",
            "sku": {
                "name": "Y1",
                "tier": "Dynamic",
                "size": "Y1",
                "family": "Y",
                "capacity": 0
            },
            "kind": "functionapp",
            "properties": {
                "perSiteScaling": false,
                "elasticScaleEnabled": false,
                "maximumElasticWorkerCount": 1,
                "isSpot": false,
                "reserved": false,
                "isXenon": false,
                "hyperV": false,
                "targetWorkerCount": 0,
                "targetWorkerSizeId": 0,
                "zoneRedundant": false
            }
        },
        {
            "type": "Microsoft.DocumentDB/databaseAccounts/sqlDatabases",
            "apiVersion": "2021-10-15",
            "name": "[concat(parameters('databaseAccounts_implementing_event_sourcing_strategy_name'), '/warehouse')]",
            "dependsOn": [
                "[resourceId('Microsoft.DocumentDB/databaseAccounts', parameters('databaseAccounts_implementing_event_sourcing_strategy_name'))]"
            ],
            "properties": {
                "resource": {
                    "id": "warehouse"
                }
            }
        },
        {
            "type": "Microsoft.DocumentDB/databaseAccounts/sqlRoleDefinitions",
            "apiVersion": "2021-10-15",
            "name": "[concat(parameters('databaseAccounts_implementing_event_sourcing_strategy_name'), '/00000000-0000-0000-0000-000000000001')]",
            "dependsOn": [
                "[resourceId('Microsoft.DocumentDB/databaseAccounts', parameters('databaseAccounts_implementing_event_sourcing_strategy_name'))]"
            ],
            "properties": {
                "roleName": "Cosmos DB Built-in Data Reader",
                "type": "BuiltInRole",
                "assignableScopes": [
                    "[resourceId('Microsoft.DocumentDB/databaseAccounts', parameters('databaseAccounts_implementing_event_sourcing_strategy_name'))]"
                ],
                "permissions": [
                    {
                        "dataActions": [
                            "Microsoft.DocumentDB/databaseAccounts/readMetadata",
                            "Microsoft.DocumentDB/databaseAccounts/sqlDatabases/containers/executeQuery",
                            "Microsoft.DocumentDB/databaseAccounts/sqlDatabases/containers/readChangeFeed",
                            "Microsoft.DocumentDB/databaseAccounts/sqlDatabases/containers/items/read"
                        ],
                        "notDataActions": []
                    }
                ]
            }
        },
        {
            "type": "Microsoft.DocumentDB/databaseAccounts/sqlRoleDefinitions",
            "apiVersion": "2021-10-15",
            "name": "[concat(parameters('databaseAccounts_implementing_event_sourcing_strategy_name'), '/00000000-0000-0000-0000-000000000002')]",
            "dependsOn": [
                "[resourceId('Microsoft.DocumentDB/databaseAccounts', parameters('databaseAccounts_implementing_event_sourcing_strategy_name'))]"
            ],
            "properties": {
                "roleName": "Cosmos DB Built-in Data Contributor",
                "type": "BuiltInRole",
                "assignableScopes": [
                    "[resourceId('Microsoft.DocumentDB/databaseAccounts', parameters('databaseAccounts_implementing_event_sourcing_strategy_name'))]"
                ],
                "permissions": [
                    {
                        "dataActions": [
                            "Microsoft.DocumentDB/databaseAccounts/readMetadata",
                            "Microsoft.DocumentDB/databaseAccounts/sqlDatabases/containers/*",
                            "Microsoft.DocumentDB/databaseAccounts/sqlDatabases/containers/items/*"
                        ],
                        "notDataActions": []
                    }
                ]
            }
        },
        {
            "type": "Microsoft.EventHub/namespaces/AuthorizationRules",
            "apiVersion": "2021-11-01",
            "name": "[concat(parameters('namespaces_implementing_event_sourcing_strategy_name'), '/eventhubsprocessor')]",
            "location": "West Europe",
            "dependsOn": [
                "[resourceId('Microsoft.EventHub/namespaces', parameters('namespaces_implementing_event_sourcing_strategy_name'))]"
            ],
            "properties": {
                "rights": [
                    "Listen"
                ]
            }
        },
        {
            "type": "Microsoft.EventHub/namespaces/AuthorizationRules",
            "apiVersion": "2021-11-01",
            "name": "[concat(parameters('namespaces_implementing_event_sourcing_strategy_name'), '/kafka')]",
            "location": "West Europe",
            "dependsOn": [
                "[resourceId('Microsoft.EventHub/namespaces', parameters('namespaces_implementing_event_sourcing_strategy_name'))]"
            ],
            "properties": {
                "rights": [
                    "Send"
                ]
            }
        },
        {
            "type": "Microsoft.EventHub/namespaces/AuthorizationRules",
            "apiVersion": "2021-11-01",
            "name": "[concat(parameters('namespaces_implementing_event_sourcing_strategy_name'), '/RootManageSharedAccessKey')]",
            "location": "West Europe",
            "dependsOn": [
                "[resourceId('Microsoft.EventHub/namespaces', parameters('namespaces_implementing_event_sourcing_strategy_name'))]"
            ],
            "properties": {
                "rights": [
                    "Listen",
                    "Manage",
                    "Send"
                ]
            }
        },
        {
            "type": "Microsoft.EventHub/namespaces/eventhubs",
            "apiVersion": "2021-11-01",
            "name": "[concat(parameters('namespaces_implementing_event_sourcing_strategy_name'), '/orders')]",
            "location": "West Europe",
            "dependsOn": [
                "[resourceId('Microsoft.EventHub/namespaces', parameters('namespaces_implementing_event_sourcing_strategy_name'))]"
            ],
            "properties": {
                "messageRetentionInDays": 1,
                "partitionCount": 1,
                "status": "Active"
            }
        },
        {
            "type": "Microsoft.EventHub/namespaces/networkRuleSets",
            "apiVersion": "2021-11-01",
            "name": "[concat(parameters('namespaces_implementing_event_sourcing_strategy_name'), '/default')]",
            "location": "West Europe",
            "dependsOn": [
                "[resourceId('Microsoft.EventHub/namespaces', parameters('namespaces_implementing_event_sourcing_strategy_name'))]"
            ],
            "properties": {
                "publicNetworkAccess": "Enabled",
                "defaultAction": "Allow",
                "virtualNetworkRules": [],
                "ipRules": []
            }
        },
        {
            "type": "microsoft.insights/components/ProactiveDetectionConfigs",
            "apiVersion": "2018-05-01-preview",
            "name": "[concat(parameters('components_ai_implementing_event_sourcing_strategy_name'), '/degradationindependencyduration')]",
            "location": "westeurope",
            "dependsOn": [
                "[resourceId('microsoft.insights/components', parameters('components_ai_implementing_event_sourcing_strategy_name'))]"
            ],
            "properties": {
                "ruleDefinitions": {
                    "Name": "degradationindependencyduration",
                    "DisplayName": "Degradation in dependency duration",
                    "Description": "Smart Detection rules notify you of performance anomaly issues.",
                    "HelpUrl": "https://docs.microsoft.com/en-us/azure/application-insights/app-insights-proactive-performance-diagnostics",
                    "IsHidden": false,
                    "IsEnabledByDefault": true,
                    "IsInPreview": false,
                    "SupportsEmailNotifications": true
                },
                "enabled": true,
                "sendEmailsToSubscriptionOwners": true,
                "customEmails": []
            }
        },
        {
            "type": "microsoft.insights/components/ProactiveDetectionConfigs",
            "apiVersion": "2018-05-01-preview",
            "name": "[concat(parameters('components_ai_implementing_event_sourcing_strategy_name'), '/degradationinserverresponsetime')]",
            "location": "westeurope",
            "dependsOn": [
                "[resourceId('microsoft.insights/components', parameters('components_ai_implementing_event_sourcing_strategy_name'))]"
            ],
            "properties": {
                "ruleDefinitions": {
                    "Name": "degradationinserverresponsetime",
                    "DisplayName": "Degradation in server response time",
                    "Description": "Smart Detection rules notify you of performance anomaly issues.",
                    "HelpUrl": "https://docs.microsoft.com/en-us/azure/application-insights/app-insights-proactive-performance-diagnostics",
                    "IsHidden": false,
                    "IsEnabledByDefault": true,
                    "IsInPreview": false,
                    "SupportsEmailNotifications": true
                },
                "enabled": true,
                "sendEmailsToSubscriptionOwners": true,
                "customEmails": []
            }
        },
        {
            "type": "microsoft.insights/components/ProactiveDetectionConfigs",
            "apiVersion": "2018-05-01-preview",
            "name": "[concat(parameters('components_ai_implementing_event_sourcing_strategy_name'), '/digestMailConfiguration')]",
            "location": "westeurope",
            "dependsOn": [
                "[resourceId('microsoft.insights/components', parameters('components_ai_implementing_event_sourcing_strategy_name'))]"
            ],
            "properties": {
                "ruleDefinitions": {
                    "Name": "digestMailConfiguration",
                    "DisplayName": "Digest Mail Configuration",
                    "Description": "This rule describes the digest mail preferences",
                    "HelpUrl": "www.homail.com",
                    "IsHidden": true,
                    "IsEnabledByDefault": true,
                    "IsInPreview": false,
                    "SupportsEmailNotifications": true
                },
                "enabled": true,
                "sendEmailsToSubscriptionOwners": true,
                "customEmails": []
            }
        },
        {
            "type": "microsoft.insights/components/ProactiveDetectionConfigs",
            "apiVersion": "2018-05-01-preview",
            "name": "[concat(parameters('components_ai_implementing_event_sourcing_strategy_name'), '/extension_billingdatavolumedailyspikeextension')]",
            "location": "westeurope",
            "dependsOn": [
                "[resourceId('microsoft.insights/components', parameters('components_ai_implementing_event_sourcing_strategy_name'))]"
            ],
            "properties": {
                "ruleDefinitions": {
                    "Name": "extension_billingdatavolumedailyspikeextension",
                    "DisplayName": "Abnormal rise in daily data volume (preview)",
                    "Description": "This detection rule automatically analyzes the billing data generated by your application, and can warn you about an unusual increase in your application's billing costs",
                    "HelpUrl": "https://github.com/Microsoft/ApplicationInsights-Home/tree/master/SmartDetection/billing-data-volume-daily-spike.md",
                    "IsHidden": false,
                    "IsEnabledByDefault": true,
                    "IsInPreview": true,
                    "SupportsEmailNotifications": false
                },
                "enabled": true,
                "sendEmailsToSubscriptionOwners": true,
                "customEmails": []
            }
        },
        {
            "type": "microsoft.insights/components/ProactiveDetectionConfigs",
            "apiVersion": "2018-05-01-preview",
            "name": "[concat(parameters('components_ai_implementing_event_sourcing_strategy_name'), '/extension_canaryextension')]",
            "location": "westeurope",
            "dependsOn": [
                "[resourceId('microsoft.insights/components', parameters('components_ai_implementing_event_sourcing_strategy_name'))]"
            ],
            "properties": {
                "ruleDefinitions": {
                    "Name": "extension_canaryextension",
                    "DisplayName": "Canary extension",
                    "Description": "Canary extension",
                    "HelpUrl": "https://github.com/Microsoft/ApplicationInsights-Home/blob/master/SmartDetection/",
                    "IsHidden": true,
                    "IsEnabledByDefault": true,
                    "IsInPreview": true,
                    "SupportsEmailNotifications": false
                },
                "enabled": true,
                "sendEmailsToSubscriptionOwners": true,
                "customEmails": []
            }
        },
        {
            "type": "microsoft.insights/components/ProactiveDetectionConfigs",
            "apiVersion": "2018-05-01-preview",
            "name": "[concat(parameters('components_ai_implementing_event_sourcing_strategy_name'), '/extension_exceptionchangeextension')]",
            "location": "westeurope",
            "dependsOn": [
                "[resourceId('microsoft.insights/components', parameters('components_ai_implementing_event_sourcing_strategy_name'))]"
            ],
            "properties": {
                "ruleDefinitions": {
                    "Name": "extension_exceptionchangeextension",
                    "DisplayName": "Abnormal rise in exception volume (preview)",
                    "Description": "This detection rule automatically analyzes the exceptions thrown in your application, and can warn you about unusual patterns in your exception telemetry.",
                    "HelpUrl": "https://github.com/Microsoft/ApplicationInsights-Home/blob/master/SmartDetection/abnormal-rise-in-exception-volume.md",
                    "IsHidden": false,
                    "IsEnabledByDefault": true,
                    "IsInPreview": true,
                    "SupportsEmailNotifications": false
                },
                "enabled": true,
                "sendEmailsToSubscriptionOwners": true,
                "customEmails": []
            }
        },
        {
            "type": "microsoft.insights/components/ProactiveDetectionConfigs",
            "apiVersion": "2018-05-01-preview",
            "name": "[concat(parameters('components_ai_implementing_event_sourcing_strategy_name'), '/extension_memoryleakextension')]",
            "location": "westeurope",
            "dependsOn": [
                "[resourceId('microsoft.insights/components', parameters('components_ai_implementing_event_sourcing_strategy_name'))]"
            ],
            "properties": {
                "ruleDefinitions": {
                    "Name": "extension_memoryleakextension",
                    "DisplayName": "Potential memory leak detected (preview)",
                    "Description": "This detection rule automatically analyzes the memory consumption of each process in your application, and can warn you about potential memory leaks or increased memory consumption.",
                    "HelpUrl": "https://github.com/Microsoft/ApplicationInsights-Home/tree/master/SmartDetection/memory-leak.md",
                    "IsHidden": false,
                    "IsEnabledByDefault": true,
                    "IsInPreview": true,
                    "SupportsEmailNotifications": false
                },
                "enabled": true,
                "sendEmailsToSubscriptionOwners": true,
                "customEmails": []
            }
        },
        {
            "type": "microsoft.insights/components/ProactiveDetectionConfigs",
            "apiVersion": "2018-05-01-preview",
            "name": "[concat(parameters('components_ai_implementing_event_sourcing_strategy_name'), '/extension_securityextensionspackage')]",
            "location": "westeurope",
            "dependsOn": [
                "[resourceId('microsoft.insights/components', parameters('components_ai_implementing_event_sourcing_strategy_name'))]"
            ],
            "properties": {
                "ruleDefinitions": {
                    "Name": "extension_securityextensionspackage",
                    "DisplayName": "Potential security issue detected (preview)",
                    "Description": "This detection rule automatically analyzes the telemetry generated by your application and detects potential security issues.",
                    "HelpUrl": "https://github.com/Microsoft/ApplicationInsights-Home/blob/master/SmartDetection/application-security-detection-pack.md",
                    "IsHidden": false,
                    "IsEnabledByDefault": true,
                    "IsInPreview": true,
                    "SupportsEmailNotifications": false
                },
                "enabled": true,
                "sendEmailsToSubscriptionOwners": true,
                "customEmails": []
            }
        },
        {
            "type": "microsoft.insights/components/ProactiveDetectionConfigs",
            "apiVersion": "2018-05-01-preview",
            "name": "[concat(parameters('components_ai_implementing_event_sourcing_strategy_name'), '/extension_traceseveritydetector')]",
            "location": "westeurope",
            "dependsOn": [
                "[resourceId('microsoft.insights/components', parameters('components_ai_implementing_event_sourcing_strategy_name'))]"
            ],
            "properties": {
                "ruleDefinitions": {
                    "Name": "extension_traceseveritydetector",
                    "DisplayName": "Degradation in trace severity ratio (preview)",
                    "Description": "This detection rule automatically analyzes the trace logs emitted from your application, and can warn you about unusual patterns in the severity of your trace telemetry.",
                    "HelpUrl": "https://github.com/Microsoft/ApplicationInsights-Home/blob/master/SmartDetection/degradation-in-trace-severity-ratio.md",
                    "IsHidden": false,
                    "IsEnabledByDefault": true,
                    "IsInPreview": true,
                    "SupportsEmailNotifications": false
                },
                "enabled": true,
                "sendEmailsToSubscriptionOwners": true,
                "customEmails": []
            }
        },
        {
            "type": "microsoft.insights/components/ProactiveDetectionConfigs",
            "apiVersion": "2018-05-01-preview",
            "name": "[concat(parameters('components_ai_implementing_event_sourcing_strategy_name'), '/longdependencyduration')]",
            "location": "westeurope",
            "dependsOn": [
                "[resourceId('microsoft.insights/components', parameters('components_ai_implementing_event_sourcing_strategy_name'))]"
            ],
            "properties": {
                "ruleDefinitions": {
                    "Name": "longdependencyduration",
                    "DisplayName": "Long dependency duration",
                    "Description": "Smart Detection rules notify you of performance anomaly issues.",
                    "HelpUrl": "https://docs.microsoft.com/en-us/azure/application-insights/app-insights-proactive-performance-diagnostics",
                    "IsHidden": false,
                    "IsEnabledByDefault": true,
                    "IsInPreview": false,
                    "SupportsEmailNotifications": true
                },
                "enabled": true,
                "sendEmailsToSubscriptionOwners": true,
                "customEmails": []
            }
        },
        {
            "type": "microsoft.insights/components/ProactiveDetectionConfigs",
            "apiVersion": "2018-05-01-preview",
            "name": "[concat(parameters('components_ai_implementing_event_sourcing_strategy_name'), '/migrationToAlertRulesCompleted')]",
            "location": "westeurope",
            "dependsOn": [
                "[resourceId('microsoft.insights/components', parameters('components_ai_implementing_event_sourcing_strategy_name'))]"
            ],
            "properties": {
                "ruleDefinitions": {
                    "Name": "migrationToAlertRulesCompleted",
                    "DisplayName": "Migration To Alert Rules Completed",
                    "Description": "A configuration that controls the migration state of Smart Detection to Smart Alerts",
                    "HelpUrl": "https://docs.microsoft.com/en-us/azure/application-insights/app-insights-proactive-performance-diagnostics",
                    "IsHidden": true,
                    "IsEnabledByDefault": false,
                    "IsInPreview": true,
                    "SupportsEmailNotifications": false
                },
                "enabled": false,
                "sendEmailsToSubscriptionOwners": true,
                "customEmails": []
            }
        },
        {
            "type": "microsoft.insights/components/ProactiveDetectionConfigs",
            "apiVersion": "2018-05-01-preview",
            "name": "[concat(parameters('components_ai_implementing_event_sourcing_strategy_name'), '/slowpageloadtime')]",
            "location": "westeurope",
            "dependsOn": [
                "[resourceId('microsoft.insights/components', parameters('components_ai_implementing_event_sourcing_strategy_name'))]"
            ],
            "properties": {
                "ruleDefinitions": {
                    "Name": "slowpageloadtime",
                    "DisplayName": "Slow page load time",
                    "Description": "Smart Detection rules notify you of performance anomaly issues.",
                    "HelpUrl": "https://docs.microsoft.com/en-us/azure/application-insights/app-insights-proactive-performance-diagnostics",
                    "IsHidden": false,
                    "IsEnabledByDefault": true,
                    "IsInPreview": false,
                    "SupportsEmailNotifications": true
                },
                "enabled": true,
                "sendEmailsToSubscriptionOwners": true,
                "customEmails": []
            }
        },
        {
            "type": "microsoft.insights/components/ProactiveDetectionConfigs",
            "apiVersion": "2018-05-01-preview",
            "name": "[concat(parameters('components_ai_implementing_event_sourcing_strategy_name'), '/slowserverresponsetime')]",
            "location": "westeurope",
            "dependsOn": [
                "[resourceId('microsoft.insights/components', parameters('components_ai_implementing_event_sourcing_strategy_name'))]"
            ],
            "properties": {
                "ruleDefinitions": {
                    "Name": "slowserverresponsetime",
                    "DisplayName": "Slow server response time",
                    "Description": "Smart Detection rules notify you of performance anomaly issues.",
                    "HelpUrl": "https://docs.microsoft.com/en-us/azure/application-insights/app-insights-proactive-performance-diagnostics",
                    "IsHidden": false,
                    "IsEnabledByDefault": true,
                    "IsInPreview": false,
                    "SupportsEmailNotifications": true
                },
                "enabled": true,
                "sendEmailsToSubscriptionOwners": true,
                "customEmails": []
            }
        },
        {
            "type": "Microsoft.Storage/storageAccounts/blobServices",
            "apiVersion": "2021-06-01",
            "name": "[concat(parameters('storageAccounts_eventsourcingstrategy_name'), '/default')]",
            "dependsOn": [
                "[resourceId('Microsoft.Storage/storageAccounts', parameters('storageAccounts_eventsourcingstrategy_name'))]"
            ],
            "sku": {
                "name": "Standard_LRS",
                "tier": "Standard"
            },
            "properties": {
                "cors": {
                    "corsRules": []
                },
                "deleteRetentionPolicy": {
                    "enabled": false
                }
            }
        },
        {
            "type": "Microsoft.Storage/storageAccounts/fileServices",
            "apiVersion": "2021-06-01",
            "name": "[concat(parameters('storageAccounts_eventsourcingstrategy_name'), '/default')]",
            "dependsOn": [
                "[resourceId('Microsoft.Storage/storageAccounts', parameters('storageAccounts_eventsourcingstrategy_name'))]"
            ],
            "sku": {
                "name": "Standard_LRS",
                "tier": "Standard"
            },
            "properties": {
                "protocolSettings": {
                    "smb": {}
                },
                "cors": {
                    "corsRules": []
                },
                "shareDeleteRetentionPolicy": {
                    "enabled": true,
                    "days": 7
                }
            }
        },
        {
            "type": "Microsoft.Storage/storageAccounts/queueServices",
            "apiVersion": "2021-06-01",
            "name": "[concat(parameters('storageAccounts_eventsourcingstrategy_name'), '/default')]",
            "dependsOn": [
                "[resourceId('Microsoft.Storage/storageAccounts', parameters('storageAccounts_eventsourcingstrategy_name'))]"
            ],
            "properties": {
                "cors": {
                    "corsRules": []
                }
            }
        },
        {
            "type": "Microsoft.Storage/storageAccounts/tableServices",
            "apiVersion": "2021-06-01",
            "name": "[concat(parameters('storageAccounts_eventsourcingstrategy_name'), '/default')]",
            "dependsOn": [
                "[resourceId('Microsoft.Storage/storageAccounts', parameters('storageAccounts_eventsourcingstrategy_name'))]"
            ],
            "properties": {
                "cors": {
                    "corsRules": []
                }
            }
        },
        {
            "type": "Microsoft.Web/sites",
            "apiVersion": "2021-02-01",
            "name": "[parameters('sites_fa_implementing_event_sourcing_strategy_name')]",
            "location": "West Europe",
            "dependsOn": [
                "[resourceId('Microsoft.Web/serverfarms', parameters('serverfarms_WestEuropePlan_name'))]"
            ],
            "tags": {
                "CreationDate": "28-03-2021",
                "Project": "Implementing an Event Sourcing strategy on Azure",
                "Purpose": "Session"
            },
            "kind": "functionapp",
            "properties": {
                "enabled": true,
                "hostNameSslStates": [
                    {
                        "name": "[concat(parameters('sites_fa_implementing_event_sourcing_strategy_name'), '.azurewebsites.net')]",
                        "sslState": "Disabled",
                        "hostType": "Standard"
                    },
                    {
                        "name": "[concat(parameters('sites_fa_implementing_event_sourcing_strategy_name'), '.scm.azurewebsites.net')]",
                        "sslState": "Disabled",
                        "hostType": "Repository"
                    }
                ],
                "serverFarmId": "[resourceId('Microsoft.Web/serverfarms', parameters('serverfarms_WestEuropePlan_name'))]",
                "reserved": false,
                "isXenon": false,
                "hyperV": false,
                "siteConfig": {
                    "numberOfWorkers": 1,
                    "acrUseManagedIdentityCreds": false,
                    "alwaysOn": false,
                    "http20Enabled": false,
                    "functionAppScaleLimit": 0,
                    "minimumElasticInstanceCount": 0
                },
                "scmSiteAlsoStopped": false,
                "clientAffinityEnabled": false,
                "clientCertEnabled": false,
                "clientCertMode": "Required",
                "hostNamesDisabled": false,
                "customDomainVerificationId": "EA1422FA857F3E2B3E7FCB4C16E2B464F332B6C40A97489FEA3A9820F9543C67",
                "containerSize": 1536,
                "dailyMemoryTimeQuota": 0,
                "httpsOnly": false,
                "redundancyMode": "None",
                "storageAccountRequired": false,
                "keyVaultReferenceIdentity": "SystemAssigned"
            }
        },
        {
            "type": "Microsoft.Web/sites",
            "apiVersion": "2021-02-01",
            "name": "[parameters('sites_fa_implementing_event_sourcing_strategy_eventhubs_processor_name')]",
            "location": "West Europe",
            "dependsOn": [
                "[resourceId('Microsoft.Web/serverfarms', parameters('serverfarms_WestEuropePlan_name'))]"
            ],
            "tags": {
                "CreationDate": "28-03-2021",
                "Project": "Implementing an Event Sourcing strategy on Azure",
                "Purpose": "Session"
            },
            "kind": "functionapp",
            "properties": {
                "enabled": true,
                "hostNameSslStates": [
                    {
                        "name": "[concat(parameters('sites_fa_implementing_event_sourcing_strategy_eventhubs_processor_name'), '.azurewebsites.net')]",
                        "sslState": "Disabled",
                        "hostType": "Standard"
                    },
                    {
                        "name": "[concat(parameters('sites_fa_implementing_event_sourcing_strategy_eventhubs_processor_name'), '.scm.azurewebsites.net')]",
                        "sslState": "Disabled",
                        "hostType": "Repository"
                    }
                ],
                "serverFarmId": "[resourceId('Microsoft.Web/serverfarms', parameters('serverfarms_WestEuropePlan_name'))]",
                "reserved": false,
                "isXenon": false,
                "hyperV": false,
                "siteConfig": {
                    "numberOfWorkers": 1,
                    "acrUseManagedIdentityCreds": false,
                    "alwaysOn": false,
                    "http20Enabled": false,
                    "functionAppScaleLimit": 0,
                    "minimumElasticInstanceCount": 0
                },
                "scmSiteAlsoStopped": false,
                "clientAffinityEnabled": false,
                "clientCertEnabled": false,
                "clientCertMode": "Required",
                "hostNamesDisabled": false,
                "customDomainVerificationId": "EA1422FA857F3E2B3E7FCB4C16E2B464F332B6C40A97489FEA3A9820F9543C67",
                "containerSize": 1536,
                "dailyMemoryTimeQuota": 0,
                "httpsOnly": false,
                "redundancyMode": "None",
                "storageAccountRequired": false,
                "keyVaultReferenceIdentity": "SystemAssigned"
            }
        },
        {
            "type": "Microsoft.Web/sites/basicPublishingCredentialsPolicies",
            "apiVersion": "2021-02-01",
            "name": "[concat(parameters('sites_fa_implementing_event_sourcing_strategy_name'), '/ftp')]",
            "location": "West Europe",
            "dependsOn": [
                "[resourceId('Microsoft.Web/sites', parameters('sites_fa_implementing_event_sourcing_strategy_name'))]"
            ],
            "tags": {
                "CreationDate": "28-03-2021",
                "Project": "Implementing an Event Sourcing strategy on Azure",
                "Purpose": "Session"
            },
            "properties": {
                "allow": true
            }
        },
        {
            "type": "Microsoft.Web/sites/basicPublishingCredentialsPolicies",
            "apiVersion": "2021-02-01",
            "name": "[concat(parameters('sites_fa_implementing_event_sourcing_strategy_eventhubs_processor_name'), '/ftp')]",
            "location": "West Europe",
            "dependsOn": [
                "[resourceId('Microsoft.Web/sites', parameters('sites_fa_implementing_event_sourcing_strategy_eventhubs_processor_name'))]"
            ],
            "tags": {
                "CreationDate": "28-03-2021",
                "Project": "Implementing an Event Sourcing strategy on Azure",
                "Purpose": "Session"
            },
            "properties": {
                "allow": true
            }
        },
        {
            "type": "Microsoft.Web/sites/basicPublishingCredentialsPolicies",
            "apiVersion": "2021-02-01",
            "name": "[concat(parameters('sites_fa_implementing_event_sourcing_strategy_name'), '/scm')]",
            "location": "West Europe",
            "dependsOn": [
                "[resourceId('Microsoft.Web/sites', parameters('sites_fa_implementing_event_sourcing_strategy_name'))]"
            ],
            "tags": {
                "CreationDate": "28-03-2021",
                "Project": "Implementing an Event Sourcing strategy on Azure",
                "Purpose": "Session"
            },
            "properties": {
                "allow": true
            }
        },
        {
            "type": "Microsoft.Web/sites/basicPublishingCredentialsPolicies",
            "apiVersion": "2021-02-01",
            "name": "[concat(parameters('sites_fa_implementing_event_sourcing_strategy_eventhubs_processor_name'), '/scm')]",
            "location": "West Europe",
            "dependsOn": [
                "[resourceId('Microsoft.Web/sites', parameters('sites_fa_implementing_event_sourcing_strategy_eventhubs_processor_name'))]"
            ],
            "tags": {
                "CreationDate": "28-03-2021",
                "Project": "Implementing an Event Sourcing strategy on Azure",
                "Purpose": "Session"
            },
            "properties": {
                "allow": true
            }
        },
        {
            "type": "Microsoft.Web/sites/config",
            "apiVersion": "2021-02-01",
            "name": "[concat(parameters('sites_fa_implementing_event_sourcing_strategy_name'), '/web')]",
            "location": "West Europe",
            "dependsOn": [
                "[resourceId('Microsoft.Web/sites', parameters('sites_fa_implementing_event_sourcing_strategy_name'))]"
            ],
            "tags": {
                "CreationDate": "28-03-2021",
                "Project": "Implementing an Event Sourcing strategy on Azure",
                "Purpose": "Session"
            },
            "properties": {
                "numberOfWorkers": 1,
                "defaultDocuments": [
                    "Default.htm",
                    "Default.html",
                    "Default.asp",
                    "index.htm",
                    "index.html",
                    "iisstart.htm",
                    "default.aspx",
                    "index.php"
                ],
                "netFrameworkVersion": "v4.0",
                "phpVersion": "5.6",
                "requestTracingEnabled": false,
                "remoteDebuggingEnabled": false,
                "remoteDebuggingVersion": "VS2019",
                "httpLoggingEnabled": false,
                "acrUseManagedIdentityCreds": false,
                "logsDirectorySizeLimit": 35,
                "detailedErrorLoggingEnabled": false,
                "publishingUsername": "$fa-implementing-event-sourcing-strategy",
                "scmType": "None",
                "use32BitWorkerProcess": true,
                "webSocketsEnabled": false,
                "alwaysOn": false,
                "managedPipelineMode": "Integrated",
                "virtualApplications": [
                    {
                        "virtualPath": "/",
                        "physicalPath": "site\\wwwroot",
                        "preloadEnabled": false
                    }
                ],
                "loadBalancing": "LeastRequests",
                "experiments": {
                    "rampUpRules": []
                },
                "autoHealEnabled": false,
                "vnetRouteAllEnabled": false,
                "vnetPrivatePortsCount": 0,
                "cors": {
                    "allowedOrigins": [
                        "https://functions.azure.com",
                        "https://functions-staging.azure.com",
                        "https://functions-next.azure.com"
                    ],
                    "supportCredentials": false
                },
                "localMySqlEnabled": false,
                "ipSecurityRestrictions": [
                    {
                        "ipAddress": "Any",
                        "action": "Allow",
                        "priority": 1,
                        "name": "Allow all",
                        "description": "Allow all access"
                    }
                ],
                "scmIpSecurityRestrictions": [
                    {
                        "ipAddress": "Any",
                        "action": "Allow",
                        "priority": 1,
                        "name": "Allow all",
                        "description": "Allow all access"
                    }
                ],
                "scmIpSecurityRestrictionsUseMain": false,
                "http20Enabled": false,
                "minTlsVersion": "1.2",
                "scmMinTlsVersion": "1.0",
                "ftpsState": "AllAllowed",
                "preWarmedInstanceCount": 0,
                "functionAppScaleLimit": 0,
                "functionsRuntimeScaleMonitoringEnabled": false,
                "minimumElasticInstanceCount": 0,
                "azureStorageAccounts": {}
            }
        },
        {
            "type": "Microsoft.Web/sites/config",
            "apiVersion": "2021-02-01",
            "name": "[concat(parameters('sites_fa_implementing_event_sourcing_strategy_eventhubs_processor_name'), '/web')]",
            "location": "West Europe",
            "dependsOn": [
                "[resourceId('Microsoft.Web/sites', parameters('sites_fa_implementing_event_sourcing_strategy_eventhubs_processor_name'))]"
            ],
            "tags": {
                "CreationDate": "28-03-2021",
                "Project": "Implementing an Event Sourcing strategy on Azure",
                "Purpose": "Session"
            },
            "properties": {
                "numberOfWorkers": 1,
                "defaultDocuments": [
                    "Default.htm",
                    "Default.html",
                    "Default.asp",
                    "index.htm",
                    "index.html",
                    "iisstart.htm",
                    "default.aspx",
                    "index.php"
                ],
                "netFrameworkVersion": "v4.0",
                "phpVersion": "5.6",
                "requestTracingEnabled": false,
                "remoteDebuggingEnabled": false,
                "remoteDebuggingVersion": "VS2019",
                "httpLoggingEnabled": false,
                "acrUseManagedIdentityCreds": false,
                "logsDirectorySizeLimit": 35,
                "detailedErrorLoggingEnabled": false,
                "publishingUsername": "$fa-implementing-event-sourcing-strategy-eventhubs-processor",
                "scmType": "None",
                "use32BitWorkerProcess": true,
                "webSocketsEnabled": false,
                "alwaysOn": false,
                "managedPipelineMode": "Integrated",
                "virtualApplications": [
                    {
                        "virtualPath": "/",
                        "physicalPath": "site\\wwwroot",
                        "preloadEnabled": false
                    }
                ],
                "loadBalancing": "LeastRequests",
                "experiments": {
                    "rampUpRules": []
                },
                "autoHealEnabled": false,
                "vnetRouteAllEnabled": false,
                "vnetPrivatePortsCount": 0,
                "cors": {
                    "allowedOrigins": [
                        "https://functions.azure.com",
                        "https://functions-staging.azure.com",
                        "https://functions-next.azure.com"
                    ],
                    "supportCredentials": false
                },
                "localMySqlEnabled": false,
                "ipSecurityRestrictions": [
                    {
                        "ipAddress": "Any",
                        "action": "Allow",
                        "priority": 1,
                        "name": "Allow all",
                        "description": "Allow all access"
                    }
                ],
                "scmIpSecurityRestrictions": [
                    {
                        "ipAddress": "Any",
                        "action": "Allow",
                        "priority": 1,
                        "name": "Allow all",
                        "description": "Allow all access"
                    }
                ],
                "scmIpSecurityRestrictionsUseMain": false,
                "http20Enabled": false,
                "minTlsVersion": "1.2",
                "scmMinTlsVersion": "1.0",
                "ftpsState": "AllAllowed",
                "preWarmedInstanceCount": 0,
                "functionAppScaleLimit": 0,
                "functionsRuntimeScaleMonitoringEnabled": false,
                "minimumElasticInstanceCount": 0,
                "azureStorageAccounts": {}
            }
        },
        {
            "type": "Microsoft.Web/sites/deployments",
            "apiVersion": "2021-02-01",
            "name": "[concat(parameters('sites_fa_implementing_event_sourcing_strategy_name'), '/28653ac8cdfb45bfab6e74037cbaf9b6')]",
            "location": "West Europe",
            "dependsOn": [
                "[resourceId('Microsoft.Web/sites', parameters('sites_fa_implementing_event_sourcing_strategy_name'))]"
            ],
            "properties": {
                "status": 4,
                "author_email": "N/A",
                "author": "N/A",
                "deployer": "ZipDeploy",
                "message": "Created via a push deployment",
                "start_time": "2021-04-07T04:47:15.6295692Z",
                "end_time": "2021-04-07T04:47:22.2774319Z",
                "active": false
            }
        },
        {
            "type": "Microsoft.Web/sites/deployments",
            "apiVersion": "2021-02-01",
            "name": "[concat(parameters('sites_fa_implementing_event_sourcing_strategy_name'), '/33ce637711df45c0a7b09c0f24efec8c')]",
            "location": "West Europe",
            "dependsOn": [
                "[resourceId('Microsoft.Web/sites', parameters('sites_fa_implementing_event_sourcing_strategy_name'))]"
            ],
            "properties": {
                "status": 4,
                "author_email": "N/A",
                "author": "N/A",
                "deployer": "ZipDeploy",
                "message": "Created via a push deployment",
                "start_time": "2021-04-07T21:22:16.2013056Z",
                "end_time": "2021-04-07T21:22:21.6896783Z",
                "active": true
            }
        },
        {
            "type": "Microsoft.Web/sites/deployments",
            "apiVersion": "2021-02-01",
            "name": "[concat(parameters('sites_fa_implementing_event_sourcing_strategy_name'), '/54a6423758e14b2092b42a5de609ad35')]",
            "location": "West Europe",
            "dependsOn": [
                "[resourceId('Microsoft.Web/sites', parameters('sites_fa_implementing_event_sourcing_strategy_name'))]"
            ],
            "properties": {
                "status": 4,
                "author_email": "N/A",
                "author": "N/A",
                "deployer": "ZipDeploy",
                "message": "Created via a push deployment",
                "start_time": "2021-04-07T21:02:47.9422096Z",
                "end_time": "2021-04-07T21:02:54.0596926Z",
                "active": false
            }
        },
        {
            "type": "Microsoft.Web/sites/deployments",
            "apiVersion": "2021-02-01",
            "name": "[concat(parameters('sites_fa_implementing_event_sourcing_strategy_name'), '/7153e95050b84149b2d6d9471f8579ba')]",
            "location": "West Europe",
            "dependsOn": [
                "[resourceId('Microsoft.Web/sites', parameters('sites_fa_implementing_event_sourcing_strategy_name'))]"
            ],
            "properties": {
                "status": 4,
                "author_email": "N/A",
                "author": "N/A",
                "deployer": "ZipDeploy",
                "message": "Created via a push deployment",
                "start_time": "2021-04-07T04:00:02.3342824Z",
                "end_time": "2021-04-07T04:00:07.7322467Z",
                "active": false
            }
        },
        {
            "type": "Microsoft.Web/sites/deployments",
            "apiVersion": "2021-02-01",
            "name": "[concat(parameters('sites_fa_implementing_event_sourcing_strategy_name'), '/8924dac0e585408684710cbf69b99875')]",
            "location": "West Europe",
            "dependsOn": [
                "[resourceId('Microsoft.Web/sites', parameters('sites_fa_implementing_event_sourcing_strategy_name'))]"
            ],
            "properties": {
                "status": 4,
                "author_email": "N/A",
                "author": "N/A",
                "deployer": "ZipDeploy",
                "message": "Created via a push deployment",
                "start_time": "2021-04-07T03:33:07.2098352Z",
                "end_time": "2021-04-07T03:33:12.8856582Z",
                "active": false
            }
        },
        {
            "type": "Microsoft.Web/sites/deployments",
            "apiVersion": "2021-02-01",
            "name": "[concat(parameters('sites_fa_implementing_event_sourcing_strategy_name'), '/8ee43023e3fa4e7bb09b81a15d727ff9')]",
            "location": "West Europe",
            "dependsOn": [
                "[resourceId('Microsoft.Web/sites', parameters('sites_fa_implementing_event_sourcing_strategy_name'))]"
            ],
            "properties": {
                "status": 4,
                "author_email": "N/A",
                "author": "N/A",
                "deployer": "ZipDeploy",
                "message": "Created via a push deployment",
                "start_time": "2021-04-07T21:16:16.8904313Z",
                "end_time": "2021-04-07T21:16:22.1050743Z",
                "active": false
            }
        },
        {
            "type": "Microsoft.Web/sites/deployments",
            "apiVersion": "2021-02-01",
            "name": "[concat(parameters('sites_fa_implementing_event_sourcing_strategy_eventhubs_processor_name'), '/c0b3bfc7a48847f68392e3656fc5faeb')]",
            "location": "West Europe",
            "dependsOn": [
                "[resourceId('Microsoft.Web/sites', parameters('sites_fa_implementing_event_sourcing_strategy_eventhubs_processor_name'))]"
            ],
            "properties": {
                "status": 4,
                "author_email": "N/A",
                "author": "VS Code",
                "deployer": "ZipDeploy",
                "message": "Created via a push deployment",
                "start_time": "2021-04-07T08:46:36.5530546Z",
                "end_time": "2021-04-07T08:46:41.3947379Z",
                "active": true
            }
        },
        {
            "type": "Microsoft.Web/sites/deployments",
            "apiVersion": "2021-02-01",
            "name": "[concat(parameters('sites_fa_implementing_event_sourcing_strategy_name'), '/e193ce55411f4dfa871ae5a9b586e295')]",
            "location": "West Europe",
            "dependsOn": [
                "[resourceId('Microsoft.Web/sites', parameters('sites_fa_implementing_event_sourcing_strategy_name'))]"
            ],
            "properties": {
                "status": 4,
                "author_email": "N/A",
                "author": "VS Code",
                "deployer": "ZipDeploy",
                "message": "Created via a push deployment",
                "start_time": "2021-03-29T16:12:38.1542775Z",
                "end_time": "2021-03-29T16:12:43.0961219Z",
                "active": false
            }
        },
        {
            "type": "Microsoft.Web/sites/deployments",
            "apiVersion": "2021-02-01",
            "name": "[concat(parameters('sites_fa_implementing_event_sourcing_strategy_eventhubs_processor_name'), '/f6654aa717724fdda7ebf4d25153dbd5')]",
            "location": "West Europe",
            "dependsOn": [
                "[resourceId('Microsoft.Web/sites', parameters('sites_fa_implementing_event_sourcing_strategy_eventhubs_processor_name'))]"
            ],
            "properties": {
                "status": 4,
                "author_email": "N/A",
                "author": "VS Code",
                "deployer": "ZipDeploy",
                "message": "Created via a push deployment",
                "start_time": "2021-04-07T07:33:54.1011701Z",
                "end_time": "2021-04-07T07:34:04.2966258Z",
                "active": false
            }
        },
        {
            "type": "Microsoft.Web/sites/functions",
            "apiVersion": "2021-02-01",
            "name": "[concat(parameters('sites_fa_implementing_event_sourcing_strategy_name'), '/ChangeFeedTrigger')]",
            "location": "West Europe",
            "dependsOn": [
                "[resourceId('Microsoft.Web/sites', parameters('sites_fa_implementing_event_sourcing_strategy_name'))]"
            ],
            "properties": {
                "script_root_path_href": "https://fa-implementing-event-sourcing-strategy.azurewebsites.net/admin/vfs/site/wwwroot/ChangeFeedTrigger/",
                "script_href": "https://fa-implementing-event-sourcing-strategy.azurewebsites.net/admin/vfs/site/wwwroot/bin/ChangeFeedProcessor.dll",
                "config_href": "https://fa-implementing-event-sourcing-strategy.azurewebsites.net/admin/vfs/site/wwwroot/ChangeFeedTrigger/function.json",
                "test_data_href": "https://fa-implementing-event-sourcing-strategy.azurewebsites.net/admin/vfs/data/Functions/sampledata/ChangeFeedTrigger.dat",
                "href": "https://fa-implementing-event-sourcing-strategy.azurewebsites.net/admin/functions/ChangeFeedTrigger",
                "config": {},
                "language": "DotNetAssembly",
                "isDisabled": false
            }
        },
        {
            "type": "Microsoft.Web/sites/functions",
            "apiVersion": "2021-02-01",
            "name": "[concat(parameters('sites_fa_implementing_event_sourcing_strategy_eventhubs_processor_name'), '/EventHubsProcessor')]",
            "location": "West Europe",
            "dependsOn": [
                "[resourceId('Microsoft.Web/sites', parameters('sites_fa_implementing_event_sourcing_strategy_eventhubs_processor_name'))]"
            ],
            "properties": {
                "script_root_path_href": "https://fa-implementing-event-sourcing-strategy-eventhubs-processor.azurewebsites.net/admin/vfs/site/wwwroot/EventHubsProcessor/",
                "script_href": "https://fa-implementing-event-sourcing-strategy-eventhubs-processor.azurewebsites.net/admin/vfs/site/wwwroot/bin/EventHubsProcessor.dll",
                "config_href": "https://fa-implementing-event-sourcing-strategy-eventhubs-processor.azurewebsites.net/admin/vfs/site/wwwroot/EventHubsProcessor/function.json",
                "test_data_href": "https://fa-implementing-event-sourcing-strategy-eventhubs-processor.azurewebsites.net/admin/vfs/data/Functions/sampledata/EventHubsProcessor.dat",
                "href": "https://fa-implementing-event-sourcing-strategy-eventhubs-processor.azurewebsites.net/admin/functions/EventHubsProcessor",
                "config": {},
                "language": "DotNetAssembly",
                "isDisabled": false
            }
        },
        {
            "type": "Microsoft.Web/sites/hostNameBindings",
            "apiVersion": "2021-02-01",
            "name": "[concat(parameters('sites_fa_implementing_event_sourcing_strategy_name'), '/', parameters('sites_fa_implementing_event_sourcing_strategy_name'), '.azurewebsites.net')]",
            "location": "West Europe",
            "dependsOn": [
                "[resourceId('Microsoft.Web/sites', parameters('sites_fa_implementing_event_sourcing_strategy_name'))]"
            ],
            "properties": {
                "siteName": "fa-implementing-event-sourcing-strategy",
                "hostNameType": "Verified"
            }
        },
        {
            "type": "Microsoft.Web/sites/hostNameBindings",
            "apiVersion": "2021-02-01",
            "name": "[concat(parameters('sites_fa_implementing_event_sourcing_strategy_eventhubs_processor_name'), '/', parameters('sites_fa_implementing_event_sourcing_strategy_eventhubs_processor_name'), '.azurewebsites.net')]",
            "location": "West Europe",
            "dependsOn": [
                "[resourceId('Microsoft.Web/sites', parameters('sites_fa_implementing_event_sourcing_strategy_eventhubs_processor_name'))]"
            ],
            "properties": {
                "siteName": "fa-implementing-event-sourcing-strategy-eventhubs-processor",
                "hostNameType": "Verified"
            }
        },
        {
            "type": "microsoft.alertsmanagement/smartdetectoralertrules",
            "apiVersion": "2021-04-01",
            "name": "[parameters('smartdetectoralertrules_failure_anomalies___ai_implementing_event_sourcing_strategy_name')]",
            "location": "global",
            "dependsOn": [
                "[resourceId('microsoft.insights/components', parameters('components_ai_implementing_event_sourcing_strategy_name'))]",
                "[resourceId('microsoft.insights/actionGroups', parameters('actionGroups_Application_Insights_Smart_Detection_name'))]"
            ],
            "tags": {
                "CreationDate": "28-03-2021",
                "Project": "Implementing an Event Sourcing strategy on Azure",
                "Purpose": "Session"
            },
            "properties": {
                "description": "Failure Anomalies notifies you of an unusual rise in the rate of failed HTTP requests or dependency calls.",
                "state": "Enabled",
                "severity": "Sev3",
                "frequency": "PT1M",
                "detector": {
                    "id": "FailureAnomaliesDetector"
                },
                "scope": [
                    "[resourceId('microsoft.insights/components', parameters('components_ai_implementing_event_sourcing_strategy_name'))]"
                ],
                "actionGroups": {
                    "groupIds": [
                        "[resourceId('microsoft.insights/actionGroups', parameters('actionGroups_Application_Insights_Smart_Detection_name'))]"
                    ]
                }
            }
        },
        {
            "type": "Microsoft.DocumentDB/databaseAccounts/sqlDatabases/containers",
            "apiVersion": "2021-10-15",
            "name": "[concat(parameters('databaseAccounts_implementing_event_sourcing_strategy_name'), '/warehouse/customers-overview')]",
            "dependsOn": [
                "[resourceId('Microsoft.DocumentDB/databaseAccounts/sqlDatabases', parameters('databaseAccounts_implementing_event_sourcing_strategy_name'), 'warehouse')]",
                "[resourceId('Microsoft.DocumentDB/databaseAccounts', parameters('databaseAccounts_implementing_event_sourcing_strategy_name'))]"
            ],
            "properties": {
                "resource": {
                    "id": "customers-overview",
                    "indexingPolicy": {
                        "indexingMode": "consistent",
                        "automatic": true,
                        "includedPaths": [
                            {
                                "path": "/*"
                            }
                        ],
                        "excludedPaths": [
                            {
                                "path": "/\"_etag\"/?"
                            }
                        ]
                    },
                    "partitionKey": {
                        "paths": [
                            "/customerId"
                        ],
                        "kind": "Hash"
                    },
                    "conflictResolutionPolicy": {
                        "mode": "LastWriterWins",
                        "conflictResolutionPath": "/_ts"
                    }
                }
            }
        },
        {
            "type": "Microsoft.DocumentDB/databaseAccounts/sqlDatabases/containers",
            "apiVersion": "2021-10-15",
            "name": "[concat(parameters('databaseAccounts_implementing_event_sourcing_strategy_name'), '/warehouse/hub-monitoring')]",
            "dependsOn": [
                "[resourceId('Microsoft.DocumentDB/databaseAccounts/sqlDatabases', parameters('databaseAccounts_implementing_event_sourcing_strategy_name'), 'warehouse')]",
                "[resourceId('Microsoft.DocumentDB/databaseAccounts', parameters('databaseAccounts_implementing_event_sourcing_strategy_name'))]"
            ],
            "properties": {
                "resource": {
                    "id": "hub-monitoring",
                    "indexingPolicy": {
                        "indexingMode": "consistent",
                        "automatic": true,
                        "includedPaths": [
                            {
                                "path": "/*"
                            }
                        ],
                        "excludedPaths": [
                            {
                                "path": "/\"_etag\"/?"
                            }
                        ]
                    },
                    "partitionKey": {
                        "paths": [
                            "/partitionKey"
                        ],
                        "kind": "Hash"
                    },
                    "conflictResolutionPolicy": {
                        "mode": "LastWriterWins",
                        "conflictResolutionPath": "/_ts"
                    }
                }
            }
        },
        {
            "type": "Microsoft.DocumentDB/databaseAccounts/sqlDatabases/containers",
            "apiVersion": "2021-10-15",
            "name": "[concat(parameters('databaseAccounts_implementing_event_sourcing_strategy_name'), '/warehouse/orders')]",
            "dependsOn": [
                "[resourceId('Microsoft.DocumentDB/databaseAccounts/sqlDatabases', parameters('databaseAccounts_implementing_event_sourcing_strategy_name'), 'warehouse')]",
                "[resourceId('Microsoft.DocumentDB/databaseAccounts', parameters('databaseAccounts_implementing_event_sourcing_strategy_name'))]"
            ],
            "properties": {
                "resource": {
                    "id": "orders",
                    "indexingPolicy": {
                        "indexingMode": "consistent",
                        "automatic": true,
                        "includedPaths": [
                            {
                                "path": "/*"
                            }
                        ],
                        "excludedPaths": [
                            {
                                "path": "/\"_etag\"/?"
                            }
                        ]
                    },
                    "partitionKey": {
                        "paths": [
                            "/hubId"
                        ],
                        "kind": "Hash"
                    },
                    "conflictResolutionPolicy": {
                        "mode": "LastWriterWins",
                        "conflictResolutionPath": "/_ts"
                    }
                }
            }
        },
        {
            "type": "Microsoft.DocumentDB/databaseAccounts/sqlDatabases/containers",
            "apiVersion": "2021-10-15",
            "name": "[concat(parameters('databaseAccounts_implementing_event_sourcing_strategy_name'), '/warehouse/orders-leases-container')]",
            "dependsOn": [
                "[resourceId('Microsoft.DocumentDB/databaseAccounts/sqlDatabases', parameters('databaseAccounts_implementing_event_sourcing_strategy_name'), 'warehouse')]",
                "[resourceId('Microsoft.DocumentDB/databaseAccounts', parameters('databaseAccounts_implementing_event_sourcing_strategy_name'))]"
            ],
            "properties": {
                "resource": {
                    "id": "orders-leases-container",
                    "indexingPolicy": {
                        "indexingMode": "consistent",
                        "automatic": true,
                        "includedPaths": [
                            {
                                "path": "/*"
                            }
                        ],
                        "excludedPaths": [
                            {
                                "path": "/\"_etag\"/?"
                            }
                        ]
                    },
                    "partitionKey": {
                        "paths": [
                            "/_partitionKey"
                        ],
                        "kind": "Hash",
                        "version": 2
                    },
                    "conflictResolutionPolicy": {
                        "mode": "LastWriterWins",
                        "conflictResolutionPath": "/_ts"
                    }
                }
            }
        },
        {
            "type": "Microsoft.EventHub/namespaces/eventhubs/consumergroups",
            "apiVersion": "2021-11-01",
            "name": "[concat(parameters('namespaces_implementing_event_sourcing_strategy_name'), '/orders/$Default')]",
            "location": "West Europe",
            "dependsOn": [
                "[resourceId('Microsoft.EventHub/namespaces/eventhubs', parameters('namespaces_implementing_event_sourcing_strategy_name'), 'orders')]",
                "[resourceId('Microsoft.EventHub/namespaces', parameters('namespaces_implementing_event_sourcing_strategy_name'))]"
            ],
            "properties": {}
        },
        {
            "type": "Microsoft.EventHub/namespaces/eventhubs/consumergroups",
            "apiVersion": "2021-11-01",
            "name": "[concat(parameters('namespaces_implementing_event_sourcing_strategy_name'), '/orders/event-sourcing')]",
            "location": "West Europe",
            "dependsOn": [
                "[resourceId('Microsoft.EventHub/namespaces/eventhubs', parameters('namespaces_implementing_event_sourcing_strategy_name'), 'orders')]",
                "[resourceId('Microsoft.EventHub/namespaces', parameters('namespaces_implementing_event_sourcing_strategy_name'))]"
            ],
            "properties": {}
        },
        {
            "type": "Microsoft.Storage/storageAccounts/blobServices/containers",
            "apiVersion": "2021-06-01",
            "name": "[concat(parameters('storageAccounts_eventsourcingstrategy_name'), '/default/azure-webjobs-eventhub')]",
            "dependsOn": [
                "[resourceId('Microsoft.Storage/storageAccounts/blobServices', parameters('storageAccounts_eventsourcingstrategy_name'), 'default')]",
                "[resourceId('Microsoft.Storage/storageAccounts', parameters('storageAccounts_eventsourcingstrategy_name'))]"
            ],
            "properties": {
                "immutableStorageWithVersioning": {
                    "enabled": false
                },
                "defaultEncryptionScope": "$account-encryption-key",
                "denyEncryptionScopeOverride": false,
                "publicAccess": "None"
            }
        },
        {
            "type": "Microsoft.Storage/storageAccounts/blobServices/containers",
            "apiVersion": "2021-06-01",
            "name": "[concat(parameters('storageAccounts_eventsourcingstrategy_name'), '/default/azure-webjobs-hosts')]",
            "dependsOn": [
                "[resourceId('Microsoft.Storage/storageAccounts/blobServices', parameters('storageAccounts_eventsourcingstrategy_name'), 'default')]",
                "[resourceId('Microsoft.Storage/storageAccounts', parameters('storageAccounts_eventsourcingstrategy_name'))]"
            ],
            "properties": {
                "immutableStorageWithVersioning": {
                    "enabled": false
                },
                "defaultEncryptionScope": "$account-encryption-key",
                "denyEncryptionScopeOverride": false,
                "publicAccess": "None"
            }
        },
        {
            "type": "Microsoft.Storage/storageAccounts/blobServices/containers",
            "apiVersion": "2021-06-01",
            "name": "[concat(parameters('storageAccounts_eventsourcingstrategy_name'), '/default/azure-webjobs-secrets')]",
            "dependsOn": [
                "[resourceId('Microsoft.Storage/storageAccounts/blobServices', parameters('storageAccounts_eventsourcingstrategy_name'), 'default')]",
                "[resourceId('Microsoft.Storage/storageAccounts', parameters('storageAccounts_eventsourcingstrategy_name'))]"
            ],
            "properties": {
                "immutableStorageWithVersioning": {
                    "enabled": false
                },
                "defaultEncryptionScope": "$account-encryption-key",
                "denyEncryptionScopeOverride": false,
                "publicAccess": "None"
            }
        },
        {
            "type": "Microsoft.Storage/storageAccounts/fileServices/shares",
            "apiVersion": "2021-06-01",
            "name": "[concat(parameters('storageAccounts_eventsourcingstrategy_name'), '/default/fa-implementing-event-sourcing-strategy4dcb28')]",
            "dependsOn": [
                "[resourceId('Microsoft.Storage/storageAccounts/fileServices', parameters('storageAccounts_eventsourcingstrategy_name'), 'default')]",
                "[resourceId('Microsoft.Storage/storageAccounts', parameters('storageAccounts_eventsourcingstrategy_name'))]"
            ],
            "properties": {
                "accessTier": "TransactionOptimized",
                "shareQuota": 5120,
                "enabledProtocols": "SMB"
            }
        },
        {
            "type": "Microsoft.Storage/storageAccounts/fileServices/shares",
            "apiVersion": "2021-06-01",
            "name": "[concat(parameters('storageAccounts_eventsourcingstrategy_name'), '/default/fa-implementing-event-sourcing-strategy-eventhubs-process124822')]",
            "dependsOn": [
                "[resourceId('Microsoft.Storage/storageAccounts/fileServices', parameters('storageAccounts_eventsourcingstrategy_name'), 'default')]",
                "[resourceId('Microsoft.Storage/storageAccounts', parameters('storageAccounts_eventsourcingstrategy_name'))]"
            ],
            "properties": {
                "accessTier": "TransactionOptimized",
                "shareQuota": 5120,
                "enabledProtocols": "SMB"
            }
        }
    ]
}